auc_positive_high,cohen_d,comparison,family,feature,mean_diff,negative_count,negative_mean,positive_count,positive_mean
0.7272877109704642,0.9580190570536656,stable_correct_vs_stable_hallucination,stability,cluster_size,1.9241824894514767,158,5.39873417721519,192,7.322916666666667
0.7249967035864979,0.9746743817264388,stable_correct_vs_stable_hallucination,stability,cluster_weight_mass,0.2343745119736066,158,0.6888486825124738,192,0.9232231944860804
0.7073444092827004,0.8903868798934528,stable_correct_vs_stable_hallucination,stability,stable_score,0.09783132387546845,158,0.5781361834887857,192,0.6759675073642541
0.38218618143459915,-0.6451141752263372,stable_correct_vs_stable_hallucination,stability,low_entropy_score,-0.18708706212026874,158,0.33586889862921016,192,0.14878183650894142
0.27434401371308015,-0.9350466397760507,stable_correct_vs_stable_hallucination,stability,fragmentation_entropy,-0.5249433405583134,158,0.7224742546481643,192,0.19753091408985093
0.2695971782700422,-1.0120512529375614,stable_correct_vs_stable_hallucination,stability,normalized_fragmentation_entropy,-0.3623071881678763,158,0.5180417072953297,192,0.15573451912745342
0.2794040084388186,-0.9350466397760506,stable_correct_vs_stable_hallucination,stability,semantic_entropy_weighted_set,-0.5249433405583133,158,0.7224742546481642,192,0.19753091408985093
0.28096980485232065,-0.8493148851496761,stable_correct_vs_stable_hallucination,stability,semantic_clusters_set,-1.4345332278481013,158,3.0126582278481013,192,1.578125
0.6770668512658228,0.6670752238739789,stable_correct_vs_stable_hallucination,geometry,centroid_entropy_z,0.20599420693045628,158,-0.30382143044610815,192,-0.09782722351565186
0.5085541930379747,0.16831671765940262,stable_correct_vs_stable_hallucination,geometry,centroid_max_entropy_z,0.03999819256496126,158,-0.10642760080360499,192,-0.06642940823864373
0.36822587025316456,-0.7010584529714734,stable_correct_vs_stable_hallucination,geometry,centroid_logprob_z,-0.22925385626244632,158,0.3389460256201586,192,0.10969216935771225
0.5279865506329114,0.022516579976327816,stable_correct_vs_stable_hallucination,geometry,centroid_len_z,0.007368125887083438,158,-0.06277383614232135,192,-0.05540571025523791
0.3695938818565401,-0.5478205706680788,stable_correct_vs_stable_hallucination,geometry,distance_to_sample0_entropy_logprob,-0.47427432612023035,158,0.646142924634832,192,0.17186859851460168
0.7323477056962026,1.0121811859184968,stable_correct_vs_stable_hallucination,geometry,top2_weight_margin,0.31588138854540615,158,0.5759951362766396,192,0.8918765248220457
0.62620319092827,0.293560605691129,stable_correct_vs_stable_hallucination,geometry,top2_logprob_margin,0.16348983951759688,158,0.887503167882343,192,1.0509930073999398
0.629928138185654,0.2775377886110981,stable_correct_vs_stable_hallucination,geometry,top2_low_entropy_margin,0.15997606809096798,158,0.8871784325924178,192,1.0471545006833858
0.39604760021097046,-0.5763738638157715,stable_correct_vs_stable_hallucination,geometry,low_entropy_basin_rank,-0.3585838607594938,158,1.4367088607594938,192,1.078125
0.4010581487341772,-0.5772255620197384,stable_correct_vs_stable_hallucination,geometry,logprob_basin_rank,-0.2632515822784811,158,1.3101265822784811,192,1.046875
0.4508504746835443,-0.32865309174580937,stable_correct_vs_stable_hallucination,geometry,weight_basin_rank,-0.09533227848101267,158,1.1265822784810127,192,1.03125
0.44712552742616035,-0.400474925537021,stable_correct_vs_stable_hallucination,geometry,stable_basin_rank,-0.13218618143459904,158,1.1582278481012658,192,1.0260416666666667
0.4161392405063291,-0.21905617721520826,stable_correct_vs_stable_hallucination,lexical_shape,within_basin_lexical_entropy,-0.13108177590302006,158,2.2975653899280983,192,2.1664836140250783
0.5406118143459916,0.1360290223535917,stable_correct_vs_stable_hallucination,lexical_shape,within_basin_jaccard,0.026399578423227377,158,0.8762155192185811,192,0.9026150976418085
0.4966706223628692,-0.27248964185323904,stable_correct_vs_stable_hallucination,lexical_shape,internal_token_entropy_std,-0.016447923393065604,158,0.03749358567548113,192,0.021045662282415528
0.4966706223628692,-0.27248964185323904,stable_correct_vs_stable_hallucination,lexical_shape,token_mean_entropy_std,-0.016447923393065604,158,0.03749358567548113,192,0.021045662282415528
0.46121769514767935,-0.30744637010346443,stable_correct_vs_stable_hallucination,lexical_shape,logprob_avg_std,-0.014504280208919574,158,0.03322154693104943,192,0.018717266722129856
0.49546743143459915,-0.011564591805945218,stable_correct_vs_stable_hallucination,lexical_shape,lexical_pca_anisotropy,-0.005110365084111168,158,0.4215960399043909,192,0.4164856748202797
0.47465058016877637,-0.0791844440917519,stable_correct_vs_stable_hallucination,lexical_shape,lexical_effective_dim,-0.1249335600186402,158,0.9602985101036874,192,0.8353649500850472
0.46889833860759494,-0.14475446476865642,stable_correct_vs_stable_hallucination,lexical_shape,lexical_radius,-0.03455710797685885,158,0.17488555595603208,192,0.14032844797917324
0.27857990506329117,-0.67392411914852,stable_correct_vs_stable_hallucination,waveform_functional,wf_entropy_auc_mean,-0.10377933487903335,158,0.263991396684008,192,0.16021206180497466
0.27614055907172996,-0.6971295577733998,stable_correct_vs_stable_hallucination,waveform_functional,wf_entropy_max_mean,-0.9377291413018851,158,2.260369527312989,192,1.322640386011104
0.25962552742616035,-0.7610276231148771,stable_correct_vs_stable_hallucination,waveform_functional,wf_entropy_std_mean,-0.24279824790495647,158,0.5753915424509591,192,0.33259329454600267
0.25286787974683544,-0.630715049356296,stable_correct_vs_stable_hallucination,waveform_functional,wf_entropy_roughness,-0.17548655703954902,158,0.2718129451637675,192,0.09632638812421852
0.3718684071729958,-0.4054472202901817,stable_correct_vs_stable_hallucination,waveform_functional,wf_entropy_late_minus_early_mean,-0.1347755706558504,158,0.17265996873359127,192,0.03788439807774085
0.4095464135021097,-0.20726922500017433,stable_correct_vs_stable_hallucination,waveform_functional,wf_entropy_spike_count_mean,-0.4507254464285717,158,2.870833333333333,192,2.4201078869047614
0.41864451476793246,-0.25845440748923215,stable_correct_vs_stable_hallucination,waveform_functional,wf_entropy_spike_frac_mean,-0.015487167422168852,158,0.11873363154222552,192,0.10324646412005667
0.3883834388185654,-0.39962596988961335,stable_correct_vs_stable_hallucination,waveform_functional,wf_entropy_max_pos_norm_mean,-0.11921679634224053,158,0.5936988666042631,192,0.47448207026202255
0.4819026898734177,-0.20833761590831246,stable_correct_vs_stable_hallucination,waveform_functional,wf_basin_entropy_curve_var,-0.05147174768235243,158,0.10383763733433733,192,0.0523658896519849
0.6970925632911392,0.7277628660070548,stable_correct_vs_stable_hallucination,waveform_functional,wf_prob_min_mean,0.1953202601734471,158,0.3615576384008123,192,0.5568778985742594
0.38479034810126583,-0.4019809228871434,stable_correct_vs_stable_hallucination,waveform_functional,wf_prob_drop,-0.048017585837258334,158,0.05535294862633058,192,0.0073353627890722405
0.5243934599156118,-0.24160326110993033,stable_correct_vs_stable_hallucination,waveform_functional,wf_basin_prob_curve_var,-0.003080936932819237,158,0.008612038131798165,192,0.005531101198978928
0.5052083333333334,0.03572807584572811,stable_correct_vs_stable_hallucination,waveform_functional,wf_local_instability_index,0.13423165718229946,158,9.029069536093562,192,9.163301193275862
0.41689741561181437,-0.2724749667766162,stable_correct_vs_stable_hallucination,sample0_delta,delta_cluster_weight_mass_vs_sample0,-0.041428409580677325,158,0.07091965312868151,192,0.029491243548004187
0.41208465189873417,-0.38707656042300326,stable_correct_vs_stable_hallucination,sample0_delta,delta_stable_score_vs_sample0,-0.056105654687229806,158,0.08578793866269112,192,0.029682283975461313
0.42342431434599154,-0.3244532141852847,stable_correct_vs_stable_hallucination,sample0_delta,delta_low_entropy_score_vs_sample0,-0.0925933293142472,158,0.12192743137306238,192,0.02933410205881518
0.584915611814346,0.39120480927781304,stable_correct_vs_stable_hallucination,sample0_delta,delta_centroid_entropy_z_vs_sample0,0.2469339388508669,158,-0.3447372137132882,192,-0.0978032748624213
0.43604957805907174,-0.4490924280547147,stable_correct_vs_stable_hallucination,sample0_delta,delta_centroid_logprob_z_vs_sample0,-0.2922317318228818,158,0.3898753512909324,192,0.0976436194680506
0.5069224683544303,0.09201581288641632,stable_correct_vs_stable_hallucination,sample0_delta,delta_wf_entropy_max_mean_vs_sample0,0.050985856847760844,158,-0.13268643090745064,192,-0.08170057405968979
0.5242286392405063,0.28120456694922347,stable_correct_vs_stable_hallucination,sample0_delta,delta_wf_entropy_roughness_vs_sample0,0.09579828008812658,158,-0.13585992247880563,192,-0.04006164239067906
0.44302149261603374,-0.2510005092002454,stable_correct_vs_stable_hallucination,sample0_delta,delta_wf_prob_min_mean_vs_sample0,-0.02455173725351402,158,0.038551853467448716,192,0.014000116213934696
0.3695938818565401,-0.5478205706680788,stable_correct_vs_stable_hallucination,sample0_delta,delta_distance_to_sample0_entropy_logprob_vs_sample0,-0.47427432612023035,158,0.646142924634832,192,0.17186859851460168
0.7973721251394275,1.481861185738545,pure_correct_vs_pure_wrong,stability,cluster_size,3.5191922947539886,804,1.9825870646766168,281,5.501779359430605
0.7971685168463731,1.4833770127911055,pure_correct_vs_pure_wrong,stability,cluster_weight_mass,0.4455580263315751,804,0.24642470493463836,281,0.6919827312662135
0.790234769214426,1.2665455553921785,pure_correct_vs_pure_wrong,stability,stable_score,0.2696217473729951,804,0.26364290691228337,281,0.5332646542852785
0.5098130344717693,-0.2853743456281859,pure_correct_vs_pure_wrong,stability,low_entropy_score,-0.12541700394176214,804,0.3320693586339896,281,0.20665235469222748
0.20625520086400737,-1.3292463481470858,pure_correct_vs_pure_wrong,stability,fragmentation_entropy,-0.8926141755878647,804,1.457199618671664,281,0.5645854430837993
0.21778120075777696,-1.4300634864305557,pure_correct_vs_pure_wrong,stability,normalized_fragmentation_entropy,-0.44809678713836554,804,0.8289617888580952,281,0.3808650017197297
0.2069346328853951,-1.3292463481470858,pure_correct_vs_pure_wrong,stability,semantic_entropy_weighted_set,-0.8926141755878647,804,1.457199618671664,281,0.5645854430837993
0.19833218250385085,-1.2516017419902559,pure_correct_vs_pure_wrong,stability,semantic_clusters_set,-2.8682388767904254,804,5.562189054726368,281,2.693950177935943
0.5090804872434979,-0.05361792279086981,pure_correct_vs_pure_wrong,geometry,centroid_entropy_z,-0.04824865140685835,804,0.09117383369261836,281,0.04292518228576001
0.5131548662382039,0.020792671966698324,pure_correct_vs_pure_wrong,geometry,centroid_max_entropy_z,0.015887348271336567,804,0.042801699898274245,281,0.05868904816961081
0.5212748534905544,0.15013997050243114,pure_correct_vs_pure_wrong,geometry,centroid_logprob_z,0.13176729140996982,804,-0.19311129403641042,281,-0.0613440026264406
0.5258228430799738,-0.10008343104572094,pure_correct_vs_pure_wrong,geometry,centroid_len_z,-0.08708227972277861,804,0.06779657425154813,281,-0.019285705471230485
0.2886036897363715,-0.6414997994499831,pure_correct_vs_pure_wrong,geometry,distance_to_sample0_entropy_logprob,-0.7575279162135121,804,1.3854125805135808,281,0.6278846643000687
0.7894291885766895,1.3230494845064387,pure_correct_vs_pure_wrong,geometry,top2_weight_margin,0.430183979354844,804,0.2676992056719998,281,0.6978831850268438
0.7493493387156743,0.7091652067873486,pure_correct_vs_pure_wrong,geometry,top2_logprob_margin,0.43032401348995675,804,0.569142421263959,281,0.9994664347539157
0.736446769710168,0.6302737298774678,pure_correct_vs_pure_wrong,geometry,top2_low_entropy_margin,0.38781346445738596,804,0.6242876993348688,281,1.0121011637922548
0.25900524070041253,-0.7950138453623222,pure_correct_vs_pure_wrong,geometry,low_entropy_basin_rank,-1.526438094226377,804,3.3022388059701493,281,1.7758007117437722
0.24645455994051096,-0.8216166766323979,pure_correct_vs_pure_wrong,geometry,logprob_basin_rank,-1.5721481560170676,804,3.31592039800995,281,1.7437722419928825
0.2329256741205007,-0.8712389871336691,pure_correct_vs_pure_wrong,geometry,weight_basin_rank,-1.6539632796869743,804,3.3407960199004973,281,1.686832740213523
0.2323989483189037,-0.8836281348652887,pure_correct_vs_pure_wrong,geometry,stable_basin_rank,-1.6754882172766061,804,3.3445273631840795,281,1.6690391459074734
0.3858996830792656,-0.36597800368713823,pure_correct_vs_pure_wrong,lexical_shape,within_basin_lexical_entropy,-0.17747040966722105,804,2.379563981132763,281,2.202093571465542
0.43513747986048407,-0.25098145714580267,pure_correct_vs_pure_wrong,lexical_shape,within_basin_jaccard,-0.035901029840454846,804,0.9631856580138226,281,0.9272846281733678
0.6581438890954481,0.15969938877945083,pure_correct_vs_pure_wrong,lexical_shape,internal_token_entropy_std,0.009256483582762917,804,0.011267028302810893,281,0.02052351188557381
0.6581438890954481,0.15969938877945083,pure_correct_vs_pure_wrong,lexical_shape,token_mean_entropy_std,0.009256483582762917,804,0.011267028302810893,281,0.02052351188557381
0.6258144331722172,0.1766193380583268,pure_correct_vs_pure_wrong,lexical_shape,logprob_avg_std,0.00885536510339849,804,0.01013422241797963,281,0.01898958752137812
0.6320864538517378,0.6632532204927395,pure_correct_vs_pure_wrong,lexical_shape,lexical_pca_anisotropy,0.2188695793903298,804,0.10524773149215594,281,0.32411731088248574
0.6253518882456047,0.339095272830903,pure_correct_vs_pure_wrong,lexical_shape,lexical_effective_dim,0.3281559968591049,804,0.22809046130114843,281,0.5562464581602533
0.6243825357199766,0.3412905406047406,pure_correct_vs_pure_wrong,lexical_shape,lexical_radius,0.05635221725328479,804,0.046221447505837565,281,0.10257366475912236
0.21687824224075353,-0.9413557238397995,pure_correct_vs_pure_wrong,waveform_functional,wf_entropy_auc_mean,-0.20899598572542002,804,0.43005654492936424,281,0.2210605592039442
0.18750110656681007,-1.2052640454300787,pure_correct_vs_pure_wrong,waveform_functional,wf_entropy_max_mean,-1.8763733330931942,804,3.6914712932791307,281,1.8150979601859365
0.18700093836865495,-1.1833350029032343,pure_correct_vs_pure_wrong,waveform_functional,wf_entropy_std_mean,-0.4553755618677193,804,0.9059403587854582,281,0.4505647969177389
0.17666560436252898,-0.8739764130453676,pure_correct_vs_pure_wrong,waveform_functional,wf_entropy_roughness,-0.6889536946107468,804,0.9225804652889242,281,0.2336267706781774
0.3998645562224465,-0.2672096503647051,pure_correct_vs_pure_wrong,waveform_functional,wf_entropy_late_minus_early_mean,-0.17627687363156533,804,0.2254834759965118,281,0.049206602364946485
0.4047865653936722,-0.27700895424102767,pure_correct_vs_pure_wrong,waveform_functional,wf_entropy_spike_count_mean,-0.5970475901714938,804,3.269454809286899,281,2.672407219115405
0.46807112126201733,-0.10199178843574591,pure_correct_vs_pure_wrong,waveform_functional,wf_entropy_spike_frac_mean,-0.005053397915979238,804,0.11215165667049164,281,0.1070982587545124
0.42135850994139623,-0.2330484611488004,pure_correct_vs_pure_wrong,waveform_functional,wf_entropy_max_pos_norm_mean,-0.071094591819721,804,0.5538690221156362,281,0.48277443029591516
0.7273419379968485,0.08342801833782598,pure_correct_vs_pure_wrong,waveform_functional,wf_basin_entropy_curve_var,0.01672397798819785,804,0.034464055264820506,281,0.05118803325301836
0.8216391352844319,1.3680250057702315,pure_correct_vs_pure_wrong,waveform_functional,wf_prob_min_mean,0.3036392603182706,804,0.1236990437290944,281,0.427338304047365
0.3901311945610028,-0.274667828921526,pure_correct_vs_pure_wrong,waveform_functional,wf_prob_drop,-0.052638829777551244,804,0.05400321267814617,281,0.0013643829005949312
0.7342557674262141,0.15016897235303478,pure_correct_vs_pure_wrong,waveform_functional,wf_basin_prob_curve_var,0.0016804242714776917,804,0.0028157967015942156,281,0.004496220973071907
0.45879587825994583,-0.06832658822583887,pure_correct_vs_pure_wrong,waveform_functional,wf_local_instability_index,-0.23487024667933554,804,9.411377882169432,281,9.176507635490097
0.5452231723942564,0.23698932273295512,pure_correct_vs_pure_wrong,sample0_delta,delta_cluster_weight_mass_vs_sample0,0.053399432822324,804,-0.07621135731533521,281,-0.022811924493011213
0.5276022025105788,0.10801624554618391,pure_correct_vs_pure_wrong,sample0_delta,delta_stable_score_vs_sample0,0.02482983391935611,804,-0.04697866796622037,281,-0.022148834046864258
0.47870744144048444,-0.10322029764955927,pure_correct_vs_pure_wrong,sample0_delta,delta_low_entropy_score_vs_sample0,-0.06109501247947809,804,0.04397993437320112,281,-0.017115078106276972
0.527405233618385,0.07490719885675859,pure_correct_vs_pure_wrong,sample0_delta,delta_centroid_entropy_z_vs_sample0,0.0921954651265722,804,-0.04042479936601808,281,0.05177066576055413
0.501068943538535,0.010515965273964084,pure_correct_vs_pure_wrong,sample0_delta,delta_centroid_logprob_z_vs_sample0,0.012415002560829377,804,-0.10833185110776963,281,-0.09591684854694026
0.5180879410775305,0.07283269108213639,pure_correct_vs_pure_wrong,sample0_delta,delta_wf_entropy_max_mean_vs_sample0,0.07463159128678303,804,-0.060549077315724176,281,0.014082513971058848
0.47472158779058443,-0.024810745295235234,pure_correct_vs_pure_wrong,sample0_delta,delta_wf_entropy_roughness_vs_sample0,-0.02066073720000105,804,0.016497189361431585,281,-0.004163547838569463
0.528374586144013,0.17302908017168464,pure_correct_vs_pure_wrong,sample0_delta,delta_wf_prob_min_mean_vs_sample0,0.025303281969766833,804,-0.03296318195660979,281,-0.007659899986842958
0.2886036897363715,-0.6414997994499831,pure_correct_vs_pure_wrong,sample0_delta,delta_distance_to_sample0_entropy_logprob_vs_sample0,-0.7575279162135121,804,1.3854125805135808,281,0.6278846643000687
0.6916971916971917,0.5721899813950968,rescue_vs_damage,stability,cluster_size,1.0320512820512822,84,1.5833333333333333,39,2.6153846153846154
0.7580891330891331,0.6298165012474368,rescue_vs_damage,stability,cluster_weight_mass,0.14545403657990602,84,0.18663187652948549,39,0.3320859131093915
0.73992673992674,0.6821578065280024,rescue_vs_damage,stability,stable_score,0.12643438169613744,84,0.20258532110473046,39,0.3290197028008679
0.6068376068376068,0.161998796721245,rescue_vs_damage,stability,low_entropy_score,0.07374042890297222,84,0.28053154994844604,39,0.35427197885141826
0.5125152625152625,0.08499218901616054,rescue_vs_damage,stability,fragmentation_entropy,0.05220743403904793,84,1.2190230588720377,39,1.2712304929110856
0.561965811965812,0.19587617974249075,rescue_vs_damage,stability,normalized_fragmentation_entropy,0.04724516667686707,84,0.7657497320842885,39,0.8129948987611556
0.5132783882783882,0.08499218901616054,rescue_vs_damage,stability,semantic_entropy_weighted_set,0.05220743403904793,84,1.2190230588720377,39,1.2712304929110856
0.4935897435897436,-0.025647011533595176,rescue_vs_damage,stability,semantic_clusters_set,-0.05402930402930384,84,4.7976190476190474,39,4.743589743589744
0.40506715506715507,-0.3269851555827945,rescue_vs_damage,geometry,centroid_entropy_z,-0.34997957896817433,84,0.3566773848009663,39,0.006697805832791922
0.47084859584859584,-0.17676014884500682,rescue_vs_damage,geometry,centroid_max_entropy_z,-0.16190412586637512,84,0.30934109781381125,39,0.14743697194743613
0.6135531135531136,0.41784300793040513,rescue_vs_damage,geometry,centroid_logprob_z,0.4230290569327051,84,-0.5763183528209808,39,-0.1532892958882757
0.39056776556776557,-0.5024868061825495,rescue_vs_damage,geometry,centroid_len_z,-0.49444302343680446,84,0.2872823834901066,39,-0.20716063994669787
0.46764346764346765,-0.15329579404824725,rescue_vs_damage,geometry,distance_to_sample0_entropy_logprob,-0.1749234417624197,84,1.9271795430006917,39,1.752256101238272
0.4352869352869353,-0.24627082430226405,rescue_vs_damage,geometry,top2_weight_margin,-0.0719490772874622,84,0.3882557288786665,39,0.3163066515912043
0.5576923076923077,0.06607180388357492,rescue_vs_damage,geometry,top2_logprob_margin,0.05082045047545147,84,0.7766243298574663,39,0.8274447803329178
0.4713064713064713,-0.0760204894154166,rescue_vs_damage,geometry,top2_low_entropy_margin,-0.058307485315509444,84,0.8716120368154113,39,0.8133045514999019
0.423992673992674,-0.22198724530953567,rescue_vs_damage,geometry,low_entropy_basin_rank,-0.3846153846153846,84,3.0,39,2.6153846153846154
0.38583638583638585,-0.26767080399703547,rescue_vs_damage,geometry,logprob_basin_rank,-0.4761904761904763,84,3.142857142857143,39,2.6666666666666665
0.31013431013431014,-0.4999500985454675,rescue_vs_damage,geometry,weight_basin_rank,-0.8827838827838832,84,3.1904761904761907,39,2.3076923076923075
0.3005189255189255,-0.5572061197580136,rescue_vs_damage,geometry,stable_basin_rank,-0.957875457875458,84,3.2142857142857144,39,2.2564102564102564
0.4320818070818071,-0.2100403482377359,rescue_vs_damage,lexical_shape,within_basin_lexical_entropy,-0.10886700231086666,84,2.3971213332480605,39,2.288254330937194
0.45085470085470086,-0.25160754362797866,rescue_vs_damage,lexical_shape,within_basin_jaccard,-0.04872721797028268,84,0.9423245626946573,39,0.8935973447243746
0.547924297924298,0.2839350389338713,rescue_vs_damage,lexical_shape,internal_token_entropy_std,0.02533522368835532,84,0.014854388080534091,39,0.04018961176888941
0.547924297924298,0.2839350389338713,rescue_vs_damage,lexical_shape,token_mean_entropy_std,0.02533522368835532,84,0.014854388080534091,39,0.04018961176888941
0.5494505494505495,0.3278659894533834,rescue_vs_damage,lexical_shape,logprob_avg_std,0.02511998848258938,84,0.01025152834470656,39,0.03537151682729594
0.5790598290598291,0.48217913965394926,rescue_vs_damage,lexical_shape,lexical_pca_anisotropy,0.12427779951428175,84,0.058378103381208184,39,0.18265590289548994
0.5699023199023199,0.1473050449736292,rescue_vs_damage,lexical_shape,lexical_effective_dim,0.20203977719775773,84,0.3828895268402442,39,0.5849293040380019
0.5699023199023199,0.2391553457995437,rescue_vs_damage,lexical_shape,lexical_radius,0.04769590863420228,84,0.0629005554101778,39,0.11059646404438009
0.2403846153846154,-0.9155013787399736,rescue_vs_damage,waveform_functional,wf_entropy_auc_mean,-0.21065871165520594,84,0.5172124078082119,39,0.30655369615300593
0.3052503052503053,-0.6904978636917654,rescue_vs_damage,waveform_functional,wf_entropy_max_mean,-1.0084421261235326,84,3.9231145803654006,39,2.914672454241868
0.2767094017094017,-0.790708074322583,rescue_vs_damage,waveform_functional,wf_entropy_std_mean,-0.3102573409843338,84,1.0078452706730598,39,0.6975879296887261
0.30265567765567764,-0.668614331336712,rescue_vs_damage,waveform_functional,wf_entropy_roughness,-0.518793113646357,84,0.8738297132100908,39,0.35503659956373385
0.6115689865689866,0.2656274839371809,rescue_vs_damage,waveform_functional,wf_entropy_late_minus_early_mean,0.26069559291211364,84,-0.08896228436866278,39,0.17173330854345087
0.31959706959706957,-0.45028744303295914,rescue_vs_damage,waveform_functional,wf_entropy_spike_count_mean,-1.1661553724053721,84,3.628670634920635,39,2.4625152625152626
0.3182234432234432,-0.6275098099620605,rescue_vs_damage,waveform_functional,wf_entropy_spike_frac_mean,-0.0330612180772316,84,0.12695606860649347,39,0.09389485052926187
0.6072954822954822,0.39994112224673367,rescue_vs_damage,waveform_functional,wf_entropy_max_pos_norm_mean,0.12445281657162816,84,0.3870574138890605,39,0.5115102304606887
0.6068376068376068,0.25782973791321306,rescue_vs_damage,waveform_functional,wf_basin_entropy_curve_var,0.07119226743406097,84,0.05863395255880778,39,0.12982621999286875
0.8002136752136753,0.9680425291231085,rescue_vs_damage,waveform_functional,wf_prob_min_mean,0.11033370018765654,84,0.06200626813449147,39,0.172339968322148
0.6130952380952381,0.4010564455291424,rescue_vs_damage,waveform_functional,wf_prob_drop,0.09659124697200357,84,-0.06612660167801779,39,0.030464645293985775
0.6056166056166056,0.26334824247453686,rescue_vs_damage,waveform_functional,wf_basin_prob_curve_var,0.004174466231071456,84,0.004325391145528758,39,0.008499857376600214
0.6552197802197802,0.7095484975887658,rescue_vs_damage,waveform_functional,wf_local_instability_index,2.6693387738279597,84,8.381202196693947,39,11.050540970521906
0.7612942612942613,0.9479889299666995,rescue_vs_damage,sample0_delta,delta_cluster_weight_mass_vs_sample0,0.3137695451283935,84,-0.2824853208254478,39,0.03128422430294572
0.7451159951159951,0.905689906098801,rescue_vs_damage,sample0_delta,delta_stable_score_vs_sample0,0.27264106622567114,84,-0.251163637443023,39,0.021477428782648158
0.567002442002442,0.13777322434630174,rescue_vs_damage,sample0_delta,delta_low_entropy_score_vs_sample0,0.09612174182849138,84,-0.1210380286336323,39,-0.02491628680514092
0.3998778998778999,-0.3250705464243774,rescue_vs_damage,sample0_delta,delta_centroid_entropy_z_vs_sample0,-0.4803517232298834,84,0.5521897008356971,39,0.07183797760581366
0.673992673992674,0.6370905005940277,rescue_vs_damage,sample0_delta,delta_centroid_logprob_z_vs_sample0,0.8669348397466249,84,-0.9446547454345173,39,-0.07771990568789243
0.3513431013431013,-0.6198099926955996,rescue_vs_damage,sample0_delta,delta_wf_entropy_max_mean_vs_sample0,-0.8117122240254085,84,0.6564667026337041,39,-0.15524552139170442
0.28815628815628813,-0.6298884264697283,rescue_vs_damage,sample0_delta,delta_wf_entropy_roughness_vs_sample0,-0.5835708826593631,84,0.3636207914531603,39,-0.21995009120620282
0.7524420024420024,0.8952543818247515,rescue_vs_damage,sample0_delta,delta_wf_prob_min_mean_vs_sample0,0.20488004685182803,84,-0.17992410251824378,39,0.024955944333584255
0.46764346764346765,-0.15329579404824725,rescue_vs_damage,sample0_delta,delta_distance_to_sample0_entropy_logprob_vs_sample0,-0.1749234417624197,84,1.9271795430006917,39,1.752256101238272
0.7206570025718962,1.3567235961245263,non_sample0_rescue_vs_other_alt,stability,cluster_size,1.3311900865092354,658,1.28419452887538,39,2.6153846153846154
0.7271841633543761,1.347419543566073,non_sample0_rescue_vs_other_alt,stability,cluster_weight_mass,0.17397919587949034,658,0.15810671722990116,39,0.3320859131093915
0.6925415010521393,0.7800940605926485,non_sample0_rescue_vs_other_alt,stability,stable_score,0.11876791244237378,658,0.21025179035849412,39,0.3290197028008679
0.536045514768919,-0.019351579021634042,non_sample0_rescue_vs_other_alt,stability,low_entropy_score,-0.009325619640950078,658,0.36359759849236833,39,0.35427197885141826
0.32875457875457875,-0.6377111006678038,non_sample0_rescue_vs_other_alt,stability,fragmentation_entropy,-0.3290916119511742,658,1.6003221048622598,39,1.2712304929110856
0.3593445561530668,-0.6040897107923754,non_sample0_rescue_vs_other_alt,stability,normalized_fragmentation_entropy,-0.08548842114429211,658,0.8984833199054477,39,0.8129948987611556
0.32875457875457875,-0.6377111006678036,non_sample0_rescue_vs_other_alt,stability,semantic_entropy_weighted_set,-0.3290916119511742,658,1.6003221048622598,39,1.2712304929110856
0.32187670485542824,-0.6738360743669422,non_sample0_rescue_vs_other_alt,stability,semantic_clusters_set,-1.292884420543995,658,6.036474164133739,39,4.743589743589744
0.47385238874600577,-0.10239263418580033,non_sample0_rescue_vs_other_alt,geometry,centroid_entropy_z,-0.10510228196724886,658,0.11180008780004078,39,0.006697805832791922
0.5255241212688021,0.09150541580349511,non_sample0_rescue_vs_other_alt,geometry,centroid_max_entropy_z,0.08045680896394969,658,0.06698016298348644,39,0.14743697194743613
0.5291481568077313,0.09479344014857326,non_sample0_rescue_vs_other_alt,geometry,centroid_logprob_z,0.09443537760771176,658,-0.24772467349598745,39,-0.1532892958882757
0.44657470189385085,-0.2782319293748863,non_sample0_rescue_vs_other_alt,geometry,centroid_len_z,-0.27949029002534886,658,0.07232965007865103,39,-0.20716063994669787
0.47502143246824097,-0.10667852909810804,non_sample0_rescue_vs_other_alt,geometry,distance_to_sample0_entropy_logprob,-0.11219931321912546,658,1.8644554144573975,39,1.752256101238272
0.6339918946301925,0.48530706588959244,non_sample0_rescue_vs_other_alt,geometry,top2_weight_margin,0.11424171174571748,658,0.20206493984548682,39,0.3163066515912043
0.6425259138025096,0.5207802241514433,non_sample0_rescue_vs_other_alt,geometry,top2_logprob_margin,0.311776080850119,658,0.5156686994827988,39,0.8274447803329178
0.6052334190632063,0.3865916920668936,non_sample0_rescue_vs_other_alt,geometry,top2_low_entropy_margin,0.2352221156699129,658,0.578082435829989,39,0.8133045514999019
0.36359208167718804,-0.4568973376301471,non_sample0_rescue_vs_other_alt,geometry,low_entropy_basin_rank,-0.8998129530044423,658,3.5151975683890577,39,2.6153846153846154
0.35116125009742033,-0.46100717419591836,non_sample0_rescue_vs_other_alt,geometry,logprob_basin_rank,-0.9032421479229993,658,3.569908814589666,39,2.6666666666666665
0.2786805393188372,-0.6827303427539487,non_sample0_rescue_vs_other_alt,geometry,weight_basin_rank,-1.3214870236146834,658,3.629179331306991,39,2.3076923076923075
0.27404333255397084,-0.7052383768460359,non_sample0_rescue_vs_other_alt,geometry,stable_basin_rank,-1.3621307770243942,658,3.6185410334346506,39,2.2564102564102564
0.4137050892370041,-0.22360929722610157,non_sample0_rescue_vs_other_alt,lexical_shape,within_basin_lexical_entropy,-0.09459225364465684,658,2.3828465845818507,39,2.288254330937194
0.4223560127815447,-0.8034226361073034,non_sample0_rescue_vs_other_alt,lexical_shape,within_basin_jaccard,-0.08741453952383593,658,0.9810118842482105,39,0.8935973447243746
0.5736692385628556,0.6863836638700582,non_sample0_rescue_vs_other_alt,lexical_shape,internal_token_entropy_std,0.03371084121722564,658,0.006478770551663771,39,0.04018961176888941
0.5736692385628556,0.6863836638700582,non_sample0_rescue_vs_other_alt,lexical_shape,token_mean_entropy_std,0.03371084121722564,658,0.006478770551663771,39,0.04018961176888941
0.5727145195230302,0.6703921736026222,non_sample0_rescue_vs_other_alt,lexical_shape,logprob_avg_std,0.02954298283147496,658,0.005828533995820979,39,0.03537151682729594
0.5970111448834853,0.6086155220370146,non_sample0_rescue_vs_other_alt,lexical_shape,lexical_pca_anisotropy,0.13236857244302808,658,0.05028733045246188,39,0.18265590289548994
0.5994076845140675,0.9834288507746461,non_sample0_rescue_vs_other_alt,lexical_shape,lexical_effective_dim,0.5032117014031169,658,0.08171760263488505,39,0.5849293040380019
0.6004598238640791,0.8195610467126148,non_sample0_rescue_vs_other_alt,lexical_shape,lexical_radius,0.08902751977041565,658,0.021568944273964448,39,0.11059646404438009
0.28709765411893073,-0.6503799188663406,non_sample0_rescue_vs_other_alt,waveform_functional,wf_entropy_auc_mean,-0.1433590918886561,658,0.449912788041662,39,0.30655369615300593
0.3029187124931806,-0.6997777508561392,non_sample0_rescue_vs_other_alt,waveform_functional,wf_entropy_max_mean,-0.98681246923802,658,3.901484923479888,39,2.914672454241868
0.29602135453199285,-0.7045059254040533,non_sample0_rescue_vs_other_alt,waveform_functional,wf_entropy_std_mean,-0.25386663037871293,658,0.951454560067439,39,0.6975879296887261
0.24637596446107085,-0.7503049416626949,non_sample0_rescue_vs_other_alt,waveform_functional,wf_entropy_roughness,-0.6432513857506219,658,0.9982879853143557,39,0.35503659956373385
0.47956121892292103,-0.05302226726508892,non_sample0_rescue_vs_other_alt,waveform_functional,wf_entropy_late_minus_early_mean,-0.03970595427916507,658,0.21143926282261594,39,0.17173330854345087
0.32150650767672045,-0.3901283160597513,non_sample0_rescue_vs_other_alt,waveform_functional,wf_entropy_spike_count_mean,-0.8261625490348892,658,3.288677811550152,39,2.4625152625152626
0.3912204816460136,-0.36789828659966894,non_sample0_rescue_vs_other_alt,waveform_functional,wf_entropy_spike_frac_mean,-0.015745204360237977,658,0.10964005488949985,39,0.09389485052926187
0.46785129763853167,-0.10058096926167731,non_sample0_rescue_vs_other_alt,waveform_functional,wf_entropy_max_pos_norm_mean,-0.030857118498794134,658,0.5423673489594828,39,0.5115102304606887
0.6383173564024628,0.6090692705504566,non_sample0_rescue_vs_other_alt,waveform_functional,wf_basin_entropy_curve_var,0.10658556725828743,658,0.023240652734581327,39,0.12982621999286875
0.7440378770166004,0.8883641128115638,non_sample0_rescue_vs_other_alt,waveform_functional,wf_prob_min_mean,0.09262704939825929,658,0.07971291892388872,39,0.172339968322148
0.47313147845062736,-0.08102246366317864,non_sample0_rescue_vs_other_alt,waveform_functional,wf_prob_drop,-0.017239603533834667,658,0.04770424882782044,39,0.030464645293985775
0.6385121970228353,0.767178750503049,non_sample0_rescue_vs_other_alt,waveform_functional,wf_basin_prob_curve_var,0.007041357187982801,658,0.0014585001886174129,39,0.008499857376600214
0.5633816538071857,0.4622310414372373,non_sample0_rescue_vs_other_alt,waveform_functional,wf_local_instability_index,1.507711192016023,658,9.542829778505883,39,11.050540970521906
0.6502221183072247,0.4866241900478662,non_sample0_rescue_vs_other_alt,sample0_delta,delta_cluster_weight_mass_vs_sample0,0.13459488763124072,658,-0.10331066332829501,39,0.03128422430294572
0.5964071389603305,0.31626610798925703,non_sample0_rescue_vs_other_alt,sample0_delta,delta_stable_score_vs_sample0,0.08982044889407041,658,-0.06834302011142225,39,0.021477428782648158
0.4817239498090562,-0.0926571917618977,non_sample0_rescue_vs_other_alt,sample0_delta,delta_low_entropy_score_vs_sample0,-0.06880616547474457,658,0.043889878669603644,39,-0.02491628680514092
0.5200685838983712,0.06371296134667012,non_sample0_rescue_vs_other_alt,sample0_delta,delta_centroid_entropy_z_vs_sample0,0.09811067956143099,658,-0.026272701955617334,39,0.07183797760581366
0.516756293352038,0.06528542237484143,non_sample0_rescue_vs_other_alt,sample0_delta,delta_centroid_logprob_z_vs_sample0,0.09613731212938233,658,-0.17385721781727476,39,-0.07771990568789243
0.4928103811082534,-0.08372342091917237,non_sample0_rescue_vs_other_alt,sample0_delta,delta_wf_entropy_max_mean_vs_sample0,-0.10861681738717446,658,-0.04662870400452996,39,-0.15524552139170442
0.37479541734860883,-0.24242363354200688,non_sample0_rescue_vs_other_alt,sample0_delta,delta_wf_entropy_roughness_vs_sample0,-0.2516180156691449,658,0.03166792446294208,39,-0.21995009120620282
0.5966214636427403,0.3880037008995332,non_sample0_rescue_vs_other_alt,sample0_delta,delta_wf_prob_min_mean_vs_sample0,0.07010380884954047,658,-0.04514786451595621,39,0.024955944333584255
0.47502143246824097,-0.10667852909810804,non_sample0_rescue_vs_other_alt,sample0_delta,delta_distance_to_sample0_entropy_logprob_vs_sample0,-0.11219931321912546,658,1.8644554144573975,39,1.752256101238272
