question_id,seed,label,confidence
trivia_qa_164,42,1.0,0.22601511357088572
trivia_qa_164,43,0.0,0.7345418963264205
trivia_qa_383,42,0.0,0.16295454000857387
trivia_qa_383,43,0.0,0.18442983642624103
trivia_qa_45,42,1.0,0.9998736027212688
trivia_qa_45,43,1.0,0.9998859928469825
trivia_qa_156,42,0.0,0.04068405569318891
trivia_qa_156,43,0.0,0.027297094334012076
trivia_qa_53,42,0.0,0.020670573810255412
trivia_qa_53,43,0.0,0.018933524256919486
trivia_qa_72,42,1.0,0.9999929227423932
trivia_qa_72,43,1.0,0.9999928701898247
trivia_qa_315,42,1.0,0.9889655638351429
trivia_qa_315,43,1.0,0.9895503290505067
trivia_qa_209,42,0.0,0.16173553457129045
trivia_qa_209,43,0.0,0.16116144139740018
trivia_qa_74,42,1.0,0.36140674085232316
trivia_qa_74,43,1.0,0.28836080715974316
trivia_qa_333,42,0.0,0.11307604932229348
trivia_qa_333,43,0.0,0.11435909336574555
trivia_qa_403,42,0.0,0.028705743784719476
trivia_qa_403,43,0.0,0.04647056141705932
trivia_qa_415,42,0.0,0.13437151341353604
trivia_qa_415,43,0.0,0.12170191245243396
trivia_qa_92,42,0.0,0.02633715660117392
trivia_qa_92,43,0.0,0.02773032965706035
trivia_qa_215,42,1.0,0.9999932008616239
trivia_qa_215,43,1.0,0.9999932008616239
trivia_qa_479,42,1.0,0.9890119847887421
trivia_qa_479,43,1.0,0.9890119847887421
trivia_qa_59,42,0.0,0.05376918010349211
trivia_qa_59,43,0.0,0.044099880497963
trivia_qa_368,42,0.0,0.11197034043294761
trivia_qa_368,43,0.0,0.09605688517328288
trivia_qa_163,42,1.0,0.9998115646083723
trivia_qa_163,43,1.0,0.9998644662197564
trivia_qa_210,42,1.0,0.9890119847887421
trivia_qa_210,43,1.0,0.9890119847887421
trivia_qa_251,42,1.0,0.9887771486808588
trivia_qa_251,43,1.0,0.9887771486808588
trivia_qa_443,42,0.0,0.11520754175354193
trivia_qa_443,43,0.0,0.11420761323559747
trivia_qa_320,42,1.0,0.9999928179782509
trivia_qa_320,43,1.0,0.2531197692951519
trivia_qa_289,42,1.0,0.9887771486808588
trivia_qa_289,43,1.0,0.9887771486808588
trivia_qa_389,42,0.0,0.12808973699510912
trivia_qa_389,43,0.0,0.12679279082975464
trivia_qa_7,42,0.0,0.026697592348457408
trivia_qa_7,43,0.0,0.030726915589382887
trivia_qa_462,42,1.0,0.9895590657780747
trivia_qa_462,43,1.0,0.9896387434621078
trivia_qa_249,42,1.0,0.9890119847887421
trivia_qa_249,43,1.0,0.9890119847887421
trivia_qa_228,42,1.0,0.9792238099472934
trivia_qa_228,43,1.0,0.980573249177583
trivia_qa_245,42,1.0,0.988271204299061
trivia_qa_245,43,1.0,0.988271204299061
trivia_qa_211,42,1.0,0.988271204299061
trivia_qa_211,43,1.0,0.988271204299061
trivia_qa_129,42,1.0,0.9999932008616239
trivia_qa_129,43,1.0,0.9999932008616239
trivia_qa_162,42,1.0,0.9708538442198756
trivia_qa_162,43,1.0,0.9735599708649056
trivia_qa_223,42,0.0,0.12785109196214695
trivia_qa_223,43,0.0,0.11065799329895867
trivia_qa_41,42,0.0,0.1788771254553892
trivia_qa_41,43,0.0,0.22325324903956267
trivia_qa_278,42,1.0,0.9887771486808588
trivia_qa_278,43,1.0,0.9887771486808588
trivia_qa_21,42,1.0,0.9998145292251841
trivia_qa_21,43,1.0,0.9998190051190422
trivia_qa_434,42,0.0,0.14391443890171252
trivia_qa_434,43,0.0,0.14391443890171252
trivia_qa_68,42,0.0,0.016134114110615258
trivia_qa_68,43,1.0,0.9999930697827806
trivia_qa_227,42,1.0,0.9891158187576408
trivia_qa_227,43,1.0,0.9888367471502353
trivia_qa_151,42,0.0,0.19193883473377288
trivia_qa_151,43,0.0,0.34770566360279803
trivia_qa_369,42,0.0,0.030820794537003864
trivia_qa_369,43,0.0,0.026872302693389378
trivia_qa_217,42,1.0,0.9890119847887421
trivia_qa_217,43,1.0,0.9890119847887421
trivia_qa_154,42,0.0,0.07656000431578161
trivia_qa_154,43,0.0,0.07594680354937143
trivia_qa_177,42,0.0,0.06305434789931873
trivia_qa_177,43,1.0,0.9999936253223141
trivia_qa_397,42,0.0,0.032791822713509326
trivia_qa_397,43,0.0,0.021756304700246202
trivia_qa_139,42,1.0,0.9999932008616239
trivia_qa_139,43,1.0,0.9999932008616239
trivia_qa_141,42,0.0,0.13688664383186075
trivia_qa_141,43,0.0,0.149915444071536
trivia_qa_326,42,0.0,0.015315041062938144
trivia_qa_326,43,0.0,0.01543142232325595
trivia_qa_175,42,1.0,0.9886316382135536
trivia_qa_175,43,1.0,0.9886316382135536
trivia_qa_170,42,0.0,0.03780833603291073
trivia_qa_170,43,0.0,0.037710419626373635
trivia_qa_88,42,1.0,0.9890119847887421
trivia_qa_88,43,1.0,0.9890119847887421
trivia_qa_96,42,0.0,0.022875740044224494
trivia_qa_96,43,0.0,0.08370426879860447
trivia_qa_439,42,1.0,0.13148768850598117
trivia_qa_439,43,1.0,0.13310750626015871
trivia_qa_303,42,1.0,0.988271204299061
trivia_qa_303,43,1.0,0.988271204299061
trivia_qa_50,42,1.0,0.988271204299061
trivia_qa_50,43,1.0,0.988271204299061
trivia_qa_199,42,1.0,0.9999932008616239
trivia_qa_199,43,1.0,0.9999932008616239
trivia_qa_297,42,0.0,0.13153029550187498
trivia_qa_297,43,0.0,0.13153029550187498
trivia_qa_131,42,0.0,0.1278914685531634
trivia_qa_131,43,0.0,0.1278914685531634
trivia_qa_120,42,1.0,0.9887771486808588
trivia_qa_120,43,1.0,0.9887771486808588
trivia_qa_358,42,0.0,0.03965514606673806
trivia_qa_358,43,0.0,0.03681578780627499
trivia_qa_180,42,0.0,0.05397724807249737
trivia_qa_180,43,0.0,0.03798451242718567
trivia_qa_370,42,1.0,0.9926702278375774
trivia_qa_370,43,1.0,0.9926702278375774
trivia_qa_37,42,0.0,0.015729320506140267
trivia_qa_37,43,0.0,0.01517751334459963
trivia_qa_160,42,0.0,0.12423497310925474
trivia_qa_160,43,0.0,0.12423497310925474
trivia_qa_4,42,1.0,0.4225985645894548
trivia_qa_4,43,1.0,0.3849265652127144
trivia_qa_93,42,0.0,0.07774078112782744
trivia_qa_93,43,0.0,0.06747777183190329
trivia_qa_304,42,1.0,0.12410632151239738
trivia_qa_304,43,1.0,0.12410632151239738
trivia_qa_188,42,1.0,0.5657998403835724
trivia_qa_188,43,1.0,0.9885939693069898
trivia_qa_374,42,0.0,0.12410632151239738
trivia_qa_374,43,0.0,0.12410632151239738
trivia_qa_453,42,1.0,0.988271204299061
trivia_qa_453,43,1.0,0.988271204299061
trivia_qa_94,42,1.0,0.9887771486808588
trivia_qa_94,43,1.0,0.9887771486808588
trivia_qa_468,42,0.0,0.10698461126974027
trivia_qa_468,43,0.0,0.09820885499556016
trivia_qa_292,42,0.0,0.13249898909004293
trivia_qa_292,43,0.0,0.12395573924933688
trivia_qa_340,42,1.0,0.988271204299061
trivia_qa_340,43,1.0,0.988271204299061
trivia_qa_407,42,1.0,0.9990441689867162
trivia_qa_407,43,1.0,0.9990441689867162
trivia_qa_408,42,1.0,0.9998178406525917
trivia_qa_408,43,1.0,0.9998216737643617
trivia_qa_187,42,1.0,0.9884114806275011
trivia_qa_187,43,1.0,0.9884114806275011
trivia_qa_334,42,0.0,0.05596145703441072
trivia_qa_334,43,0.0,0.03138701348332249
trivia_qa_213,42,1.0,0.988271204299061
trivia_qa_213,43,1.0,0.988271204299061
trivia_qa_127,42,0.0,0.041461182341968564
trivia_qa_127,43,0.0,0.040419385470225014
trivia_qa_11,42,0.0,0.12809972703988579
trivia_qa_11,43,0.0,0.12396648707686365
trivia_qa_6,42,0.0,0.1863904899757862
trivia_qa_6,43,0.0,0.1863904899757862
trivia_qa_442,42,0.0,0.024890401875548078
trivia_qa_442,43,0.0,0.027858522074759806
trivia_qa_246,42,1.0,0.9887771486808588
trivia_qa_246,43,1.0,0.9887771486808588
trivia_qa_396,42,1.0,0.9887771486808588
trivia_qa_396,43,1.0,0.9887771486808588
trivia_qa_425,42,1.0,0.9887731160373369
trivia_qa_425,43,1.0,0.9893430327340389
trivia_qa_345,42,1.0,0.9890119847887421
trivia_qa_345,43,1.0,0.9890119847887421
trivia_qa_89,42,1.0,0.988271204299061
trivia_qa_89,43,1.0,0.988271204299061
trivia_qa_426,42,1.0,0.988271204299061
trivia_qa_426,43,1.0,0.988271204299061
trivia_qa_26,42,0.0,0.03323772690798522
trivia_qa_26,43,0.0,0.028865514703384075
trivia_qa_77,42,1.0,0.9887771486808588
trivia_qa_77,43,1.0,0.9887771486808588
trivia_qa_184,42,0.0,0.24446031361892204
trivia_qa_184,43,0.0,0.2198100059537202
trivia_qa_262,42,1.0,0.625184593373501
trivia_qa_262,43,1.0,0.5906963146970587
trivia_qa_207,42,1.0,0.9884573933875607
trivia_qa_207,43,1.0,0.9873606259284728
trivia_qa_182,42,0.0,0.107123636675422
trivia_qa_182,43,1.0,0.9999122698994233
trivia_qa_95,42,1.0,0.9999932008616239
trivia_qa_95,43,1.0,0.9999932008616239
trivia_qa_100,42,0.0,0.3988913079401091
trivia_qa_100,43,0.0,0.3988913079401091
trivia_qa_419,42,1.0,0.9978912931146926
trivia_qa_419,43,1.0,0.9976212000340777
trivia_qa_394,42,1.0,0.9890119847887421
trivia_qa_394,43,1.0,0.9890119847887421
trivia_qa_155,42,1.0,0.9998243416138909
trivia_qa_155,43,1.0,0.9998243416138909
trivia_qa_230,42,1.0,0.9999929337511593
trivia_qa_230,43,0.0,0.02957402787186663
trivia_qa_362,42,0.0,0.033885369889184905
trivia_qa_362,43,0.0,0.03482358897962107
trivia_qa_237,42,0.0,0.04347556002493945
trivia_qa_237,43,0.0,0.037587087016718645
trivia_qa_353,42,0.0,0.03283307512162043
trivia_qa_353,43,0.0,0.022454469104510332
trivia_qa_85,42,0.0,0.03038572083516489
trivia_qa_85,43,0.0,0.02851387177000502
trivia_qa_323,42,0.0,0.12752481098747526
trivia_qa_323,43,0.0,0.12752481098747526
trivia_qa_171,42,1.0,0.7483896341366064
trivia_qa_171,43,1.0,0.7483896341366064
trivia_qa_393,42,0.0,0.03053314108610246
trivia_qa_393,43,0.0,0.06558613347301959
trivia_qa_153,42,0.0,0.039542166040098005
trivia_qa_153,43,1.0,0.07496959502937683
trivia_qa_313,42,0.0,0.03911076182288347
trivia_qa_313,43,0.0,0.038443947379704344
trivia_qa_38,42,1.0,0.9774401850281531
trivia_qa_38,43,1.0,0.9774401850281531
trivia_qa_392,42,1.0,0.9998243416138909
trivia_qa_392,43,1.0,0.9998243416138909
trivia_qa_69,42,0.0,0.35709892268428756
trivia_qa_69,43,0.0,0.12722148606382494
trivia_qa_106,42,0.0,0.1613386699725166
trivia_qa_106,43,0.0,0.1613386699725166
trivia_qa_348,42,1.0,0.9999930466804857
trivia_qa_348,43,1.0,0.9999930251743187
trivia_qa_489,42,1.0,0.9998243416138909
trivia_qa_489,43,1.0,0.9998243416138909
trivia_qa_428,42,1.0,0.9999928959394915
trivia_qa_428,43,0.0,0.015338002045310365
trivia_qa_158,42,0.0,0.11388870937146477
trivia_qa_158,43,0.0,0.11388870937146477
trivia_qa_31,42,0.0,0.12708293522865385
trivia_qa_31,43,0.0,0.12708293522865385
trivia_qa_244,42,1.0,0.980172393296752
trivia_qa_244,43,1.0,0.9802813276439695
trivia_qa_8,42,1.0,0.9890119847887421
trivia_qa_8,43,1.0,0.9890119847887421
trivia_qa_267,42,1.0,0.12820470716273466
trivia_qa_267,43,1.0,0.10218356335460099
trivia_qa_485,42,1.0,0.9882010136527093
trivia_qa_485,43,1.0,0.9881540794157154
trivia_qa_233,42,1.0,0.988271204299061
trivia_qa_233,43,1.0,0.988271204299061
trivia_qa_261,42,1.0,0.59925107784477
trivia_qa_261,43,1.0,0.9777881327007083
trivia_qa_401,42,1.0,0.9999932008616239
trivia_qa_401,43,1.0,0.9999932008616239
trivia_qa_291,42,0.0,0.1863904899757862
trivia_qa_291,43,0.0,0.1863904899757862
trivia_qa_198,42,1.0,0.9887771486808588
trivia_qa_198,43,1.0,0.9887771486808588
trivia_qa_132,42,0.0,0.20069895236532545
trivia_qa_132,43,0.0,0.2085809505892175
trivia_qa_324,42,0.0,0.12954935453007382
trivia_qa_324,43,0.0,0.11678736858806855
trivia_qa_322,42,0.0,0.02204198836814964
trivia_qa_322,43,0.0,0.021347072182640262
trivia_qa_2,42,0.0,0.1613386699725166
trivia_qa_2,43,0.0,0.1613386699725166
trivia_qa_18,42,0.0,0.029413354680910365
trivia_qa_18,43,0.0,0.030223441359600638
trivia_qa_488,42,1.0,0.9999932008616239
trivia_qa_488,43,1.0,0.9999932008616239
trivia_qa_263,42,1.0,0.9998243416138909
trivia_qa_263,43,1.0,0.9998243416138909
trivia_qa_76,42,1.0,0.988271204299061
trivia_qa_76,43,1.0,0.988271204299061
trivia_qa_253,42,1.0,0.9947181202773562
trivia_qa_253,43,1.0,0.9946652673085363
trivia_qa_314,42,0.0,0.16178217202163644
trivia_qa_314,43,0.0,0.16178217202163644
trivia_qa_351,42,0.0,0.1507141737865967
trivia_qa_351,43,0.0,0.19983625175506503
trivia_qa_471,42,1.0,0.9998191765794187
trivia_qa_471,43,1.0,0.9998191765794187
trivia_qa_143,42,0.0,0.13455021385518964
trivia_qa_143,43,0.0,0.13455021385518964
trivia_qa_449,42,1.0,0.9887771486808588
trivia_qa_449,43,1.0,0.9887771486808588
trivia_qa_66,42,1.0,0.9894431809913404
trivia_qa_66,43,1.0,0.9899116920578618
trivia_qa_179,42,0.0,0.0342951110996535
trivia_qa_179,43,0.0,0.0219289769791999
trivia_qa_133,42,0.0,0.015462233023743154
trivia_qa_133,43,0.0,0.015407201937228249
trivia_qa_144,42,1.0,0.9999930583674994
trivia_qa_144,43,1.0,0.9999932504801724
trivia_qa_406,42,1.0,0.9999932008616239
trivia_qa_406,43,1.0,0.9999932008616239
trivia_qa_280,42,0.0,0.026208575817385213
trivia_qa_280,43,0.0,0.023298282299180066
trivia_qa_269,42,1.0,0.9948168852686415
trivia_qa_269,43,1.0,0.9948168852686415
trivia_qa_466,42,1.0,0.9999930444515936
trivia_qa_466,43,1.0,0.9999930269039055
trivia_qa_208,42,0.0,0.12719059535986688
trivia_qa_208,43,0.0,0.12791463311766454
trivia_qa_145,42,0.0,0.13920944159222925
trivia_qa_145,43,0.0,0.17595078637136694
trivia_qa_432,42,0.0,0.0416188366338119
trivia_qa_432,43,0.0,0.02657525171452101
trivia_qa_277,42,1.0,0.988271204299061
trivia_qa_277,43,1.0,0.988271204299061
trivia_qa_341,42,1.0,0.9887771486808588
trivia_qa_341,43,1.0,0.9887771486808588
trivia_qa_465,42,1.0,0.015867449377163126
trivia_qa_465,43,1.0,0.014767629258154964
trivia_qa_317,42,0.0,0.16032438647908692
trivia_qa_317,43,0.0,0.10898138657243976
trivia_qa_17,42,1.0,0.1278914685531634
trivia_qa_17,43,1.0,0.1278914685531634
trivia_qa_448,42,0.0,0.040401880427069436
trivia_qa_448,43,0.0,0.03703959042776705
trivia_qa_20,42,1.0,0.9998243416138909
trivia_qa_20,43,1.0,0.9998243416138909
trivia_qa_130,42,0.0,0.020272827127836887
trivia_qa_130,43,0.0,0.03950356228482566
trivia_qa_238,42,1.0,0.9891542691888815
trivia_qa_238,43,1.0,0.989127404432997
trivia_qa_296,42,1.0,0.9998243416138909
trivia_qa_296,43,1.0,0.9998243416138909
trivia_qa_286,42,1.0,0.9998243416138909
trivia_qa_286,43,1.0,0.9998243416138909
trivia_qa_336,42,0.0,0.19661110088231368
trivia_qa_336,43,0.0,0.058973200681936906
trivia_qa_300,42,1.0,0.9999929059180048
trivia_qa_300,43,1.0,0.9999928905736629
trivia_qa_149,42,1.0,0.9887771486808588
trivia_qa_149,43,1.0,0.9887771486808588
trivia_qa_203,42,1.0,0.9999932008616239
trivia_qa_203,43,1.0,0.9999932008616239
trivia_qa_387,42,0.0,0.021355363448813294
trivia_qa_387,43,0.0,0.015208561615006978
trivia_qa_398,42,0.0,0.021574483030356997
trivia_qa_398,43,0.0,0.020545691915139764
trivia_qa_190,42,1.0,0.9892917320829678
trivia_qa_190,43,1.0,0.9877970715189494
trivia_qa_201,42,0.0,0.1278914685531634
trivia_qa_201,43,0.0,0.1278914685531634
trivia_qa_418,42,1.0,0.9999934500988548
trivia_qa_418,43,1.0,0.9999930485520693
trivia_qa_14,42,1.0,0.9998243416138909
trivia_qa_14,43,1.0,0.9998243416138909
trivia_qa_55,42,1.0,0.988271204299061
trivia_qa_55,43,1.0,0.988271204299061
trivia_qa_75,42,1.0,0.9879097830636098
trivia_qa_75,43,1.0,0.9893983517308611
trivia_qa_284,42,1.0,0.9999932008616239
trivia_qa_284,43,1.0,0.9999932008616239
trivia_qa_39,42,0.0,0.1955269064912017
trivia_qa_39,43,0.0,0.18147250640624893
trivia_qa_391,42,1.0,0.9999932008616239
trivia_qa_391,43,1.0,0.9999932008616239
trivia_qa_460,42,1.0,0.9999932008616239
trivia_qa_460,43,1.0,0.9999932008616239
trivia_qa_257,42,0.0,0.18947153185727114
trivia_qa_257,43,0.0,0.18947153185727114
trivia_qa_178,42,1.0,0.9994074001781205
trivia_qa_178,43,0.0,0.02011770331940168
trivia_qa_212,42,1.0,0.9672920680555825
trivia_qa_212,43,0.0,0.45937965936311387
trivia_qa_472,42,1.0,0.9890119847887421
trivia_qa_472,43,1.0,0.9890119847887421
trivia_qa_420,42,1.0,0.9109848397538048
trivia_qa_420,43,1.0,0.9118930381899601
trivia_qa_67,42,0.0,0.12410632151239738
trivia_qa_67,43,0.0,0.12410632151239738
trivia_qa_99,42,0.0,0.028703043294888667
trivia_qa_99,43,1.0,0.04656793243700759
trivia_qa_476,42,1.0,0.9886373679135909
trivia_qa_476,43,1.0,0.6747288719107546
trivia_qa_97,42,1.0,0.9890119847887421
trivia_qa_97,43,1.0,0.9890119847887421
trivia_qa_196,42,1.0,0.9890119847887421
trivia_qa_196,43,1.0,0.9890119847887421
trivia_qa_339,42,1.0,0.9998243416138909
trivia_qa_339,43,1.0,0.9998243416138909
trivia_qa_288,42,0.0,0.06712273049721931
trivia_qa_288,43,0.0,0.06712273049721931
trivia_qa_318,42,1.0,0.9890119847887421
trivia_qa_318,43,1.0,0.9890119847887421
trivia_qa_457,42,1.0,0.9890119847887421
trivia_qa_457,43,1.0,0.9890119847887421
trivia_qa_124,42,0.0,0.09584032660748794
trivia_qa_124,43,0.0,0.09486622575755285
trivia_qa_242,42,1.0,0.9999932008616239
trivia_qa_242,43,1.0,0.9999932008616239
trivia_qa_42,42,0.0,0.13054013969699774
trivia_qa_42,43,0.0,0.13054013969699774
trivia_qa_60,42,1.0,0.988271204299061
trivia_qa_60,43,1.0,0.988271204299061
trivia_qa_192,42,1.0,0.0691474355414557
trivia_qa_192,43,1.0,0.07240521858904489
trivia_qa_422,42,0.0,0.0452054512024104
trivia_qa_422,43,0.0,0.027569841070336287
trivia_qa_266,42,1.0,0.9883114535853619
trivia_qa_266,43,1.0,0.9883326310767474
trivia_qa_254,42,1.0,0.9890119847887421
trivia_qa_254,43,1.0,0.9890119847887421
trivia_qa_384,42,0.0,0.021809701315368524
trivia_qa_384,43,1.0,0.9887771486808588
trivia_qa_497,42,1.0,0.9887771486808588
trivia_qa_497,43,1.0,0.9887771486808588
trivia_qa_226,42,1.0,0.9998243416138909
trivia_qa_226,43,1.0,0.9998243416138909
trivia_qa_495,42,0.0,0.2640879870230428
trivia_qa_495,43,0.0,0.03542440152004919
trivia_qa_113,42,0.0,0.07868230040132218
trivia_qa_113,43,0.0,0.0652729963634048
trivia_qa_19,42,1.0,0.9998243416138909
trivia_qa_19,43,1.0,0.9998243416138909
trivia_qa_218,42,0.0,0.13043127986522574
trivia_qa_218,43,0.0,0.12052426177024916
trivia_qa_118,42,1.0,0.13171906677222806
trivia_qa_118,43,1.0,0.12435479514619377
trivia_qa_364,42,1.0,0.9999932008616239
trivia_qa_364,43,1.0,0.9999932008616239
trivia_qa_385,42,0.0,0.015776305929048676
trivia_qa_385,43,0.0,0.02153334714010544
trivia_qa_437,42,1.0,0.4337755226772109
trivia_qa_437,43,1.0,0.4337755226772109
trivia_qa_293,42,1.0,0.988271204299061
trivia_qa_293,43,1.0,0.988271204299061
trivia_qa_493,42,1.0,0.9724102078085658
trivia_qa_493,43,1.0,0.9724102078085658
trivia_qa_378,42,1.0,0.08130807793805542
trivia_qa_378,43,1.0,0.13139196515885224
trivia_qa_241,42,1.0,0.4749231153114889
trivia_qa_241,43,1.0,0.5029118350450827
trivia_qa_446,42,1.0,0.03558053029439607
trivia_qa_446,43,0.0,0.03822819370279521
trivia_qa_435,42,0.0,0.06324938487297967
trivia_qa_435,43,0.0,0.05971648094035577
trivia_qa_27,42,1.0,0.9898497520293884
trivia_qa_27,43,1.0,0.989914489046315
trivia_qa_220,42,0.0,0.1613386699725166
trivia_qa_220,43,0.0,0.1613386699725166
trivia_qa_469,42,0.0,0.24685563152196657
trivia_qa_469,43,0.0,0.03982044020589361
trivia_qa_86,42,1.0,0.9999939735845874
trivia_qa_86,43,0.0,0.030923929549203633
trivia_qa_361,42,1.0,0.9890119847887421
trivia_qa_361,43,1.0,0.9890119847887421
trivia_qa_103,42,0.0,0.03963603932250511
trivia_qa_103,43,0.0,0.041136808499869754
trivia_qa_481,42,0.0,0.13820135271409634
trivia_qa_481,43,0.0,0.11933231969214665
trivia_qa_25,42,1.0,0.0706169486943719
trivia_qa_25,43,0.0,0.04031054946321638
trivia_qa_307,42,1.0,0.9998372084475754
trivia_qa_307,43,1.0,0.9998372084475754
trivia_qa_167,42,0.0,0.05632751855163917
trivia_qa_167,43,0.0,0.05632751855163917
trivia_qa_450,42,0.0,0.01951149708542845
trivia_qa_450,43,0.0,0.045689414433946224
trivia_qa_475,42,1.0,0.9700932603775515
trivia_qa_475,43,1.0,0.9700932603775515
trivia_qa_410,42,1.0,0.9887771486808588
trivia_qa_410,43,1.0,0.9887771486808588
trivia_qa_221,42,1.0,0.9998336962538241
trivia_qa_221,43,1.0,0.18574099281152892
trivia_qa_416,42,0.0,0.045258581332864284
trivia_qa_416,43,0.0,0.07376848930318046
trivia_qa_105,42,1.0,0.9887771486808588
trivia_qa_105,43,1.0,0.9887771486808588
trivia_qa_371,42,1.0,0.9890119847887421
trivia_qa_371,43,1.0,0.9890119847887421
trivia_qa_90,42,1.0,0.9999932008616239
trivia_qa_90,43,1.0,0.9999932008616239
trivia_qa_452,42,1.0,0.9890119847887421
trivia_qa_452,43,1.0,0.9890119847887421
trivia_qa_168,42,1.0,0.9842891418299593
trivia_qa_168,43,1.0,0.9954799134352555
trivia_qa_240,42,1.0,0.9999931009804968
trivia_qa_240,43,1.0,0.9999931009804968
trivia_qa_402,42,1.0,0.9991274700505126
trivia_qa_402,43,1.0,0.9991504384750853
trivia_qa_48,42,0.0,0.08602072438359618
trivia_qa_48,43,0.0,0.07406289155339879
trivia_qa_104,42,0.0,0.20583539020617114
trivia_qa_104,43,0.0,0.188002438193802
trivia_qa_206,42,1.0,0.9890119847887421
trivia_qa_206,43,1.0,0.9890119847887421
trivia_qa_247,42,1.0,0.9999932008616239
trivia_qa_247,43,1.0,0.9999932008616239
trivia_qa_200,42,1.0,0.9890119847887421
trivia_qa_200,43,1.0,0.9890119847887421
trivia_qa_62,42,1.0,0.579687464679824
trivia_qa_62,43,1.0,0.6075126855497729
trivia_qa_477,42,1.0,0.9999932008616239
trivia_qa_477,43,1.0,0.9999932008616239
trivia_qa_147,42,0.0,0.17693553480495924
trivia_qa_147,43,0.0,0.20274110310667767
trivia_qa_146,42,0.0,0.03370230016375263
trivia_qa_146,43,0.0,0.056163449562103625
trivia_qa_225,42,1.0,0.9999932008616239
trivia_qa_225,43,1.0,0.9999932008616239
trivia_qa_421,42,1.0,0.9887771486808588
trivia_qa_421,43,1.0,0.9887771486808588
trivia_qa_484,42,1.0,0.9894970471552178
trivia_qa_484,43,1.0,0.1940321066247783
trivia_qa_491,42,1.0,0.9892458664378717
trivia_qa_491,43,1.0,0.989305350819434
trivia_qa_451,42,0.0,0.13815849022022994
trivia_qa_451,43,0.0,0.14319989957485116
trivia_qa_109,42,1.0,0.9762922228391564
trivia_qa_109,43,1.0,0.9762922228391564
trivia_qa_294,42,1.0,0.9887771486808588
trivia_qa_294,43,1.0,0.9887771486808588
trivia_qa_440,42,0.0,0.21904019960400894
trivia_qa_440,43,0.0,0.17314535943598866
trivia_qa_121,42,0.0,0.015703072170631945
trivia_qa_121,43,0.0,0.015421526307335242
trivia_qa_265,42,1.0,0.7057781980074683
trivia_qa_265,43,1.0,0.6964909759405707
trivia_qa_169,42,1.0,0.9876719999238002
trivia_qa_169,43,1.0,0.9894858859107932
trivia_qa_381,42,0.0,0.02777649225735261
trivia_qa_381,43,0.0,0.021489586970125655
trivia_qa_34,42,0.0,0.03298092697852188
trivia_qa_34,43,1.0,0.9881281376403253
trivia_qa_268,42,0.0,0.05632751855163917
trivia_qa_268,43,0.0,0.05632751855163917
trivia_qa_30,42,0.0,0.09162760517496607
trivia_qa_30,43,0.0,0.030073036439274302
trivia_qa_400,42,1.0,0.9774401850281531
trivia_qa_400,43,1.0,0.9774401850281531
trivia_qa_461,42,0.0,0.02271490304798296
trivia_qa_461,43,0.0,0.021169398864040227
trivia_qa_354,42,0.0,0.023190385857327005
trivia_qa_354,43,0.0,0.11895680194306855
trivia_qa_382,42,0.0,0.12752481098747526
trivia_qa_382,43,0.0,0.12752481098747526
trivia_qa_10,42,0.0,0.1787358191210439
trivia_qa_10,43,0.0,0.1787358191210439
trivia_qa_173,42,0.0,0.022419221463936823
trivia_qa_173,43,0.0,0.025770207180884033
trivia_qa_342,42,1.0,0.9998979105432038
trivia_qa_342,43,1.0,0.9998979105432038
trivia_qa_115,42,0.0,0.1875994311405467
trivia_qa_115,43,0.0,0.19549744758087187
trivia_qa_363,42,0.0,0.03649692079605576
trivia_qa_363,43,0.0,0.057858130045631236
trivia_qa_61,42,0.0,0.026540519080240906
trivia_qa_61,43,0.0,0.20495101454774783
trivia_qa_231,42,1.0,0.3372048419544082
trivia_qa_231,43,1.0,0.3372048419544082
trivia_qa_264,42,1.0,0.9998243416138909
trivia_qa_264,43,1.0,0.9998243416138909
trivia_qa_224,42,1.0,0.9887771486808588
trivia_qa_224,43,1.0,0.9887771486808588
trivia_qa_312,42,0.0,0.04667490785085775
trivia_qa_312,43,0.0,0.06269845692602181
trivia_qa_356,42,0.0,0.1278914685531634
trivia_qa_356,43,0.0,0.1278914685531634
trivia_qa_159,42,1.0,0.9890119847887421
trivia_qa_159,43,1.0,0.9890119847887421
trivia_qa_102,42,1.0,0.9893781370081692
trivia_qa_102,43,0.0,0.03345286239615301
trivia_qa_310,42,1.0,0.9999931305086536
trivia_qa_310,43,1.0,0.9999931305086536
trivia_qa_372,42,1.0,0.9890119847887421
trivia_qa_372,43,1.0,0.9890119847887421
trivia_qa_344,42,0.0,0.10141146118080725
trivia_qa_344,43,0.0,0.10250858745579351
trivia_qa_337,42,1.0,0.9887771486808588
trivia_qa_337,43,1.0,0.9887771486808588
trivia_qa_365,42,1.0,0.07769885583698516
trivia_qa_365,43,1.0,0.07547891732316658
trivia_qa_84,42,1.0,0.9882095945808079
trivia_qa_84,43,0.0,0.088974113220092
trivia_qa_281,42,0.0,0.7213414195993927
trivia_qa_281,43,0.0,0.7213414195993927
trivia_qa_243,42,0.0,0.6747347998252742
trivia_qa_243,43,0.0,0.6747347998252742
trivia_qa_65,42,0.0,0.1278914685531634
trivia_qa_65,43,0.0,0.1278914685531634
trivia_qa_64,42,1.0,0.9620732458405484
trivia_qa_64,43,0.0,0.0317919860217157
trivia_qa_272,42,1.0,0.9555660126429077
trivia_qa_272,43,1.0,0.9555660126429077
trivia_qa_423,42,0.0,0.06259388181166733
trivia_qa_423,43,0.0,0.04481378613197497
trivia_qa_248,42,1.0,0.9991183251248074
trivia_qa_248,43,1.0,0.9990988118190605
trivia_qa_43,42,1.0,0.23634677971865092
trivia_qa_43,43,1.0,0.21675034134371857
trivia_qa_417,42,1.0,0.9887771486808588
trivia_qa_417,43,1.0,0.9887771486808588
trivia_qa_375,42,1.0,0.16001069120969816
trivia_qa_375,43,1.0,0.15927152664080987
trivia_qa_123,42,0.0,0.09509780792961073
trivia_qa_123,43,0.0,0.0950978079296108
trivia_qa_29,42,1.0,0.9999932008616239
trivia_qa_29,43,1.0,0.9999932008616239
trivia_qa_122,42,1.0,0.999823727293066
trivia_qa_122,43,1.0,0.9998127755029373
trivia_qa_157,42,1.0,0.9999932976626456
trivia_qa_157,43,1.0,0.9999931946293308
trivia_qa_355,42,0.0,0.4990031911237092
trivia_qa_355,43,0.0,0.4990031911237092
trivia_qa_330,42,0.0,0.08087035882579802
trivia_qa_330,43,0.0,0.0657773829448192
trivia_qa_9,42,1.0,0.9887771486808588
trivia_qa_9,43,1.0,0.9887771486808588
trivia_qa_250,42,1.0,0.9526647340034874
trivia_qa_250,43,1.0,0.9526647340034874
trivia_qa_165,42,1.0,0.9752852372539684
trivia_qa_165,43,1.0,0.9758651960152888
trivia_qa_306,42,0.0,0.14391443890171252
trivia_qa_306,43,0.0,0.14391443890171252
trivia_qa_0,42,0.0,0.08824540617207773
trivia_qa_0,43,0.0,0.08824540617207773
trivia_qa_271,42,1.0,0.9890119847887421
trivia_qa_271,43,1.0,0.9890119847887421
trivia_qa_276,42,0.0,0.4016543672105222
trivia_qa_276,43,0.0,0.35560894951480193
trivia_qa_82,42,1.0,0.08821650552061651
trivia_qa_82,43,1.0,0.08735955219401123
trivia_qa_191,42,1.0,0.988271204299061
trivia_qa_191,43,1.0,0.988271204299061
trivia_qa_347,42,1.0,0.9887771486808588
trivia_qa_347,43,1.0,0.9887771486808588
trivia_qa_473,42,1.0,0.02344749610054665
trivia_qa_473,43,1.0,0.08594326412173114
trivia_qa_399,42,0.0,0.03363694264559968
trivia_qa_399,43,0.0,0.026091991641714468
trivia_qa_319,42,0.0,0.1296550778692515
trivia_qa_319,43,0.0,0.12902580684761064
trivia_qa_152,42,1.0,0.988271204299061
trivia_qa_152,43,1.0,0.988271204299061
trivia_qa_54,42,0.0,0.1300285542330445
trivia_qa_54,43,0.0,0.12759595112614305
trivia_qa_259,42,0.0,0.11944192916318953
trivia_qa_259,43,0.0,0.11944192916318953
trivia_qa_91,42,1.0,0.9998213236590001
trivia_qa_91,43,0.0,0.02300592625025042
trivia_qa_256,42,1.0,0.9887771486808588
trivia_qa_256,43,1.0,0.9887771486808588
trivia_qa_430,42,1.0,0.9894279470837541
trivia_qa_430,43,1.0,0.9894279470837541
trivia_qa_1,42,1.0,0.988271204299061
trivia_qa_1,43,1.0,0.988271204299061
trivia_qa_459,42,1.0,0.988271204299061
trivia_qa_459,43,1.0,0.988271204299061
trivia_qa_80,42,1.0,0.9877173784358781
trivia_qa_80,43,1.0,0.9876643238156428
trivia_qa_222,42,1.0,0.9890119847887421
trivia_qa_222,43,1.0,0.9890119847887421
trivia_qa_431,42,1.0,0.9886022810986014
trivia_qa_431,43,0.0,0.0340173828431853
trivia_qa_498,42,1.0,0.9999928953642713
trivia_qa_498,43,1.0,0.9999933778179464
trivia_qa_455,42,1.0,0.9999932008616239
trivia_qa_455,43,1.0,0.9999932008616239
trivia_qa_328,42,1.0,0.9888334947107613
trivia_qa_328,43,1.0,0.9894640150910985
trivia_qa_404,42,1.0,0.988271204299061
trivia_qa_404,43,1.0,0.988271204299061
trivia_qa_436,42,0.0,0.154029138242097
trivia_qa_436,43,0.0,0.1605219136308367
trivia_qa_58,42,1.0,0.9998118784209422
trivia_qa_58,43,1.0,0.9998118784209422
trivia_qa_5,42,0.0,0.07789483793126523
trivia_qa_5,43,0.0,0.04259608820256001
trivia_qa_283,42,1.0,0.9887771486808588
trivia_qa_283,43,1.0,0.9887771486808588
trivia_qa_128,42,1.0,0.9893835452128513
trivia_qa_128,43,1.0,0.9893835452128513
trivia_qa_270,42,0.0,0.045548423991342846
trivia_qa_270,43,1.0,0.9883378481469371
trivia_qa_239,42,1.0,0.5669623985732065
trivia_qa_239,43,1.0,0.6776721796705762
trivia_qa_405,42,1.0,0.9886690244471397
trivia_qa_405,43,1.0,0.9886373679135909
trivia_qa_195,42,0.0,0.14391443890171252
trivia_qa_195,43,0.0,0.14391443890171252
trivia_qa_197,42,1.0,0.7120013683360558
trivia_qa_197,43,1.0,0.7118784921972972
trivia_qa_32,42,1.0,0.9887771486808588
trivia_qa_32,43,1.0,0.9887771486808588
trivia_qa_305,42,0.0,0.015509773380332992
trivia_qa_305,43,0.0,0.04645204045671855
trivia_qa_487,42,0.0,0.020274332776131603
trivia_qa_487,43,0.0,0.015436420923934534
trivia_qa_458,42,0.0,0.11475670229053024
trivia_qa_458,43,0.0,0.11658869417097101
trivia_qa_429,42,1.0,0.9998243416138909
trivia_qa_429,43,1.0,0.9998243416138909
trivia_qa_78,42,1.0,0.9999932008616239
trivia_qa_78,43,1.0,0.9999932008616239
trivia_qa_56,42,0.0,0.07443711736384735
trivia_qa_56,43,0.0,0.07456579665556393
trivia_qa_24,42,1.0,0.9887771486808588
trivia_qa_24,43,1.0,0.9887771486808588
trivia_qa_46,42,1.0,0.9774401850281531
trivia_qa_46,43,1.0,0.9774401850281531
trivia_qa_252,42,1.0,0.5995945228654331
trivia_qa_252,43,1.0,0.6106208690504236
trivia_qa_260,42,1.0,0.988271204299061
trivia_qa_260,43,1.0,0.988271204299061
trivia_qa_70,42,0.0,0.035553863926861065
trivia_qa_70,43,0.0,0.038248911461954034
trivia_qa_386,42,0.0,0.022409743424159932
trivia_qa_386,43,0.0,0.021366238974085842
trivia_qa_427,42,0.0,0.06362717209387618
trivia_qa_427,43,0.0,0.05137316117119012
trivia_qa_204,42,0.0,0.03744914397236931
trivia_qa_204,43,0.0,0.03744914397236931
trivia_qa_298,42,0.0,0.15907614635560843
trivia_qa_298,43,1.0,0.1624783941045911
trivia_qa_219,42,1.0,0.7348979358281281
trivia_qa_219,43,1.0,0.894208791992558
trivia_qa_299,42,0.0,0.6342321934235705
trivia_qa_299,43,0.0,0.6342321934235705
trivia_qa_134,42,0.0,0.013605892819604094
trivia_qa_134,43,0.0,0.02260303911163723
trivia_qa_275,42,1.0,0.9982966639381291
trivia_qa_275,43,1.0,0.9981904713906624
trivia_qa_474,42,1.0,0.9890119847887421
trivia_qa_474,43,1.0,0.9890119847887421
trivia_qa_126,42,0.0,0.08089200831382463
trivia_qa_126,43,0.0,0.015822238180860496
trivia_qa_492,42,1.0,0.017489327032551367
trivia_qa_492,43,1.0,0.02380487314325419
trivia_qa_441,42,1.0,0.9678302172392468
trivia_qa_441,43,0.0,0.037835173302139424
trivia_qa_73,42,0.0,0.1702831950361765
trivia_qa_73,43,0.0,0.15479546366042857
trivia_qa_234,42,0.0,0.13005614985125635
trivia_qa_234,43,0.0,0.12580690791895718
trivia_qa_329,42,0.0,0.31259624326645163
trivia_qa_329,43,0.0,0.31259624326645163
trivia_qa_202,42,0.0,0.029918891525690758
trivia_qa_202,43,0.0,0.026075225320090975
trivia_qa_255,42,0.0,0.1278914685531634
trivia_qa_255,43,0.0,0.1278914685531634
trivia_qa_335,42,0.0,0.05784225988816506
trivia_qa_335,43,0.0,0.08445058423232588
trivia_qa_376,42,0.0,0.0709722100244741
trivia_qa_376,43,1.0,0.9988151620544077
trivia_qa_380,42,0.0,0.015488433887543378
trivia_qa_380,43,0.0,0.015320074668702131
trivia_qa_367,42,1.0,0.9898045310152531
trivia_qa_367,43,1.0,0.988843097455144
trivia_qa_290,42,0.0,0.03470084165004694
trivia_qa_290,43,0.0,0.03496024076322914
trivia_qa_108,42,1.0,0.9890119847887421
trivia_qa_108,43,1.0,0.9890119847887421
trivia_qa_33,42,0.0,0.034352002269561525
trivia_qa_33,43,0.0,0.031979455567074634
trivia_qa_137,42,0.0,0.041903510738254816
trivia_qa_137,43,0.0,0.03488175489196852
trivia_qa_205,42,1.0,0.1292941401016361
trivia_qa_205,43,1.0,0.1292941401016361
trivia_qa_161,42,1.0,0.9999932008616239
trivia_qa_161,43,1.0,0.9999932008616239
trivia_qa_482,42,1.0,0.16501834987596084
trivia_qa_482,43,1.0,0.15929807956553307
trivia_qa_117,42,1.0,0.9998243416138909
trivia_qa_117,43,1.0,0.9998243416138909
trivia_qa_28,42,1.0,0.9998262158407112
trivia_qa_28,43,1.0,0.9998107148387164
trivia_qa_166,42,1.0,0.9887771486808588
trivia_qa_166,43,1.0,0.9887771486808588
trivia_qa_350,42,1.0,0.9907091124630699
trivia_qa_350,43,1.0,0.9907091124630699
trivia_qa_467,42,1.0,0.9998243416138909
trivia_qa_467,43,1.0,0.9998243416138909
trivia_qa_285,42,0.0,0.09995916339078417
trivia_qa_285,43,0.0,0.0981858171268274
trivia_qa_352,42,1.0,0.9887771486808588
trivia_qa_352,43,1.0,0.9887771486808588
trivia_qa_499,42,1.0,0.7830954142144233
trivia_qa_499,43,1.0,0.7830954142144233
trivia_qa_138,42,0.0,0.0732509781674097
trivia_qa_138,43,0.0,0.028643140506160035
trivia_qa_463,42,0.0,0.056051498714034545
trivia_qa_463,43,0.0,0.06008150841086942
trivia_qa_236,42,1.0,0.9999932008616239
trivia_qa_236,43,1.0,0.9999932008616239
trivia_qa_409,42,1.0,0.9890119847887421
trivia_qa_409,43,1.0,0.9890119847887421
trivia_qa_494,42,0.0,0.04541020954726639
trivia_qa_494,43,0.0,0.044966812861932604
trivia_qa_438,42,0.0,0.042089225558371156
trivia_qa_438,43,0.0,0.04148376663251831
trivia_qa_273,42,0.0,0.03300799110496077
trivia_qa_273,43,0.0,0.027438193820273796
trivia_qa_87,42,0.0,0.1587929770223185
trivia_qa_87,43,0.0,0.1853879825903721
trivia_qa_411,42,0.0,0.16783291234524741
trivia_qa_411,43,0.0,0.1584162496418723
trivia_qa_311,42,0.0,0.06202464200672812
trivia_qa_311,43,0.0,0.06202464200672812
trivia_qa_36,42,1.0,0.9999933934442546
trivia_qa_36,43,1.0,0.9999935998671817
trivia_qa_331,42,1.0,0.9891126795064192
trivia_qa_331,43,1.0,0.9894833482060397
trivia_qa_349,42,1.0,0.9998243416138909
trivia_qa_349,43,1.0,0.9998243416138909
trivia_qa_470,42,1.0,0.9999930558980262
trivia_qa_470,43,1.0,0.9999933835426685
trivia_qa_136,42,0.0,0.1863904899757862
trivia_qa_136,43,0.0,0.1863904899757862
trivia_qa_343,42,0.0,0.015637349255980378
trivia_qa_343,43,0.0,0.015195993361106242
trivia_qa_107,42,0.0,0.021528363187522624
trivia_qa_107,43,0.0,0.026228501600068746
trivia_qa_181,42,1.0,0.9887771486808588
trivia_qa_181,43,1.0,0.9887771486808588
trivia_qa_189,42,0.0,0.1193027273484698
trivia_qa_189,43,0.0,0.1193027273484698
trivia_qa_83,42,1.0,0.9890119847887421
trivia_qa_83,43,1.0,0.9890119847887421
trivia_qa_186,42,1.0,0.6385747487196993
trivia_qa_186,43,0.0,0.27235111233054254
trivia_qa_325,42,1.0,0.024318833122501538
trivia_qa_325,43,1.0,0.08019836866599195
trivia_qa_232,42,0.0,0.2870519416174267
trivia_qa_232,43,0.0,0.2870519416174267
trivia_qa_454,42,0.0,0.09277847800179154
trivia_qa_454,43,0.0,0.09277847800179154
trivia_qa_447,42,0.0,0.02826925391821486
trivia_qa_447,43,1.0,0.9897991750787578
trivia_qa_51,42,0.0,0.4064406334131121
trivia_qa_51,43,0.0,0.4064406334131121
trivia_qa_478,42,1.0,0.9998243416138909
trivia_qa_478,43,1.0,0.9998243416138909
trivia_qa_444,42,1.0,0.9887771486808588
trivia_qa_444,43,1.0,0.9887771486808588
trivia_qa_148,42,1.0,0.9887771486808588
trivia_qa_148,43,1.0,0.9887771486808588
trivia_qa_395,42,1.0,0.988271204299061
trivia_qa_395,43,1.0,0.988271204299061
trivia_qa_116,42,1.0,0.9999060953596044
trivia_qa_116,43,1.0,0.9999010736892359
trivia_qa_338,42,1.0,0.9999932008616239
trivia_qa_338,43,1.0,0.9999932008616239
trivia_qa_23,42,0.0,0.03415494486462105
trivia_qa_23,43,0.0,0.02793149582346702
trivia_qa_35,42,1.0,0.9890119847887421
trivia_qa_35,43,1.0,0.9890119847887421
trivia_qa_360,42,0.0,0.17155152585942263
trivia_qa_360,43,0.0,0.14631215974332257
trivia_qa_98,42,1.0,0.9907100682661449
trivia_qa_98,43,1.0,0.9901888224596102
trivia_qa_295,42,1.0,0.9999932008616239
trivia_qa_295,43,1.0,0.9999932008616239
trivia_qa_185,42,1.0,0.9998150218694799
trivia_qa_185,43,1.0,0.999814294648173
trivia_qa_316,42,1.0,0.9999931354479771
trivia_qa_316,43,1.0,0.9999930988932378
trivia_qa_321,42,1.0,0.9999932008616239
trivia_qa_321,43,1.0,0.9999932008616239
trivia_qa_424,42,1.0,0.9998243416138909
trivia_qa_424,43,1.0,0.9998243416138909
trivia_qa_150,42,0.0,0.021989581910265
trivia_qa_150,43,0.0,0.021610327577737207
trivia_qa_282,42,1.0,0.9890152512382129
trivia_qa_282,43,1.0,0.9890152512382129
trivia_qa_40,42,0.0,0.12410632151239738
trivia_qa_40,43,0.0,0.12410632151239738
trivia_qa_193,42,0.0,0.14291181434729844
trivia_qa_193,43,0.0,0.12026712131128187
trivia_qa_63,42,0.0,0.025625470441675808
trivia_qa_63,43,0.0,0.023072703831888076
trivia_qa_274,42,0.0,0.02160264350075011
trivia_qa_274,43,0.0,0.08890395173617854
trivia_qa_235,42,1.0,0.9895426690789186
trivia_qa_235,43,1.0,0.9895426690789186
trivia_qa_373,42,0.0,0.1271711360536207
trivia_qa_373,43,0.0,0.12915447272515354
trivia_qa_22,42,0.0,0.1613386699725166
trivia_qa_22,43,0.0,0.1613386699725166
trivia_qa_413,42,1.0,0.9642750057698044
trivia_qa_413,43,1.0,0.9642750057698044
trivia_qa_135,42,0.0,0.04655409029587911
trivia_qa_135,43,0.0,0.03603956930232906
trivia_qa_309,42,1.0,0.988271204299061
trivia_qa_309,43,1.0,0.988271204299061
trivia_qa_176,42,1.0,0.9892691245010035
trivia_qa_176,43,1.0,0.9892691245010035
trivia_qa_433,42,0.0,0.02160194962533907
trivia_qa_433,43,0.0,0.01559812992884261
trivia_qa_183,42,1.0,0.9990421517630543
trivia_qa_183,43,1.0,0.9990062902681458
trivia_qa_49,42,1.0,0.9890119847887421
trivia_qa_49,43,1.0,0.9890119847887421
trivia_qa_194,42,0.0,0.19458227804451586
trivia_qa_194,43,0.0,0.19458227804451586
trivia_qa_480,42,1.0,0.9885066343987472
trivia_qa_480,43,1.0,0.9885066343987472
trivia_qa_490,42,0.0,0.03481026874111586
trivia_qa_490,43,0.0,0.05269517199262732
trivia_qa_172,42,0.0,0.015433837021829178
trivia_qa_172,43,0.0,0.015416057300784878
trivia_qa_390,42,1.0,0.988352623557352
trivia_qa_390,43,1.0,0.988277332425433
trivia_qa_110,42,1.0,0.9999932008616239
trivia_qa_110,43,1.0,0.9999932008616239
trivia_qa_79,42,0.0,0.1092033384214715
trivia_qa_79,43,0.0,0.1092033384214715
trivia_qa_464,42,1.0,0.9887771486808588
trivia_qa_464,43,1.0,0.9887771486808588
trivia_qa_174,42,0.0,0.22351493282467572
trivia_qa_174,43,0.0,0.23902552627256002
trivia_qa_483,42,0.0,0.030160097257034477
trivia_qa_483,43,0.0,0.020570912635475776
trivia_qa_357,42,1.0,0.9895426690789186
trivia_qa_357,43,1.0,0.9895426690789186
trivia_qa_81,42,1.0,0.12752481098747526
trivia_qa_81,43,1.0,0.12752481098747526
trivia_qa_412,42,1.0,0.14313692697689173
trivia_qa_412,43,1.0,0.14313692697689173
trivia_qa_388,42,1.0,0.9998227018830753
trivia_qa_388,43,1.0,0.9998188848510916
trivia_qa_3,42,0.0,0.01542973839762438
trivia_qa_3,43,0.0,0.015603841244532762
trivia_qa_445,42,0.0,0.118509113231132
trivia_qa_445,43,0.0,0.07983836188031863
trivia_qa_414,42,1.0,0.988271204299061
trivia_qa_414,43,1.0,0.988271204299061
trivia_qa_142,42,0.0,0.16213624920546693
trivia_qa_142,43,0.0,0.01662015769881765
trivia_qa_301,42,1.0,0.9998372084475754
trivia_qa_301,43,1.0,0.9998372084475754
trivia_qa_229,42,1.0,0.9866437236942094
trivia_qa_229,43,1.0,0.9883819853324775
trivia_qa_112,42,1.0,0.9998243416138909
trivia_qa_112,43,1.0,0.9998243416138909
trivia_qa_214,42,1.0,0.9887771486808588
trivia_qa_214,43,1.0,0.9887771486808588
trivia_qa_486,42,1.0,0.9887771486808588
trivia_qa_486,43,1.0,0.9887771486808588
trivia_qa_359,42,0.0,0.3134460529005334
trivia_qa_359,43,0.0,0.30534271952767195
trivia_qa_332,42,1.0,0.48642486725573914
trivia_qa_332,43,1.0,0.48374405317722935
trivia_qa_366,42,1.0,0.9998243416138909
trivia_qa_366,43,1.0,0.9998243416138909
trivia_qa_101,42,1.0,0.9998226365370827
trivia_qa_101,43,1.0,0.9998220502289163
trivia_qa_287,42,1.0,0.9890769952296617
trivia_qa_287,43,1.0,0.988902782748911
trivia_qa_13,42,1.0,0.9998243416138909
trivia_qa_13,43,1.0,0.9998243416138909
trivia_qa_308,42,1.0,0.9890119847887421
trivia_qa_308,43,1.0,0.9890119847887421
trivia_qa_258,42,0.0,0.1613386699725166
trivia_qa_258,43,0.0,0.1613386699725166
trivia_qa_119,42,0.0,0.22828994022428944
trivia_qa_119,43,0.0,0.22225869166744172
trivia_qa_111,42,0.0,0.014517101460589283
trivia_qa_111,43,0.0,0.013646510517276457
trivia_qa_47,42,1.0,0.9887771486808588
trivia_qa_47,43,1.0,0.9892691245010035
trivia_qa_15,42,0.0,0.16122262884949226
trivia_qa_15,43,0.0,0.16215284717739045
trivia_qa_16,42,1.0,0.9886511680854533
trivia_qa_16,43,1.0,0.9886511680854533
trivia_qa_216,42,1.0,0.9998243416138909
trivia_qa_216,43,1.0,0.9998243416138909
trivia_qa_302,42,1.0,0.9890119847887421
trivia_qa_302,43,1.0,0.9890119847887421
trivia_qa_44,42,0.0,0.11949401522168943
trivia_qa_44,43,0.0,0.10945747159162954
trivia_qa_279,42,0.0,0.0465302007838191
trivia_qa_279,43,0.0,0.0395037395592702
trivia_qa_456,42,1.0,0.9998243416138909
trivia_qa_456,43,1.0,0.9998243416138909
trivia_qa_496,42,0.0,0.04348388475860861
trivia_qa_496,43,0.0,0.04023867239516263
trivia_qa_346,42,0.0,0.1278914685531634
trivia_qa_346,43,0.0,0.1278914685531634
trivia_qa_52,42,0.0,0.1613386699725166
trivia_qa_52,43,0.0,0.1613386699725166
trivia_qa_377,42,1.0,0.9920845790391432
trivia_qa_377,43,1.0,0.9920845790391432
trivia_qa_71,42,1.0,0.9187498233393205
trivia_qa_71,43,1.0,0.9176458966010506
trivia_qa_114,42,0.0,0.04324932946698296
trivia_qa_114,43,0.0,0.09731378214764068
trivia_qa_125,42,0.0,0.10573119945600656
trivia_qa_125,43,0.0,0.07926573909289107
trivia_qa_140,42,0.0,0.03270752722367826
trivia_qa_140,43,1.0,0.9897086145738323
trivia_qa_379,42,0.0,0.09016798496857881
trivia_qa_379,43,0.0,0.08924112340557315
trivia_qa_12,42,1.0,0.9877152405687037
trivia_qa_12,43,1.0,0.9880630524162203
trivia_qa_57,42,0.0,0.0994084847161318
trivia_qa_57,43,0.0,0.09538491575671727
trivia_qa_327,42,0.0,0.020916214903002103
trivia_qa_327,43,1.0,0.06459067258105797
